data_size_mb,put_throughput,get_throughput,scan_throughput
1,37.9336,67.131,1.25523
2,19.0155,0.00392171,0.192329
4,15.4705,0.00450836,0.00403929
8,9.17795,0.00213804,0.108745
16,8.31934,0.00144555,0.0737706
32,6.55004,0.00142959,0.0636856
64,5.91381,0.000807844,0.0412484
128,5.24875,0.000667625,0.0243317
256,4.62963,0.000821431,0.037683
512,4.06691,0.000667252,0.0165421
1024,3.76191,0.00053659,0.0107933
2048,3.41933,0.000442253,0.00801637
